,Months since Last Donation,Number of Donations,Total Volume Donated (c.c.),Months since First Donation,Made Donation in March 2007,Name of the donor,Blood Group
619,2,50,12500,98,1,Aarav,B-
664,0,13,3250,28,1,Aarti,O-
441,1,16,4000,35,1,Abha,AB-
160,2,20,5000,45,1,Abhay,B+
358,1,24,6000,77,0,Abhilasha,A-
335,4,4,1000,4,0,Abhishek,B+
47,2,7,1750,14,1,Aditi,A+
164,1,12,3000,35,0,Aditya,O+
736,5,46,11500,98,1,Ajay,AB-
436,0,3,750,4,0,Akanksha,A+
460,2,10,2500,28,1,Akash,B-
285,1,13,3250,47,0,Akshay,O+
499,2,6,1500,15,1,Alka,AB+
356,2,5,1250,11,1,Alok,A-
40,2,14,3500,48,1,Aman,AB-
191,2,15,3750,49,1,Amar,O+
638,2,6,1500,15,1,Ambika,B+
345,2,3,750,4,1,Amit,A-
463,2,3,750,4,1,Amita,B-
372,4,11,2750,28,0,Amrita,O+
8,2,6,1500,16,1,Amritesh,AB+
539,2,6,1500,16,1,Anand,A-
734,4,14,3500,40,0,Ananya,O-
573,4,6,1500,14,0,Anil,AB-
482,4,8,2000,21,0,Anisha,A+
330,1,14,3500,58,0,Anita,A-
222,4,10,2500,28,1,Anjali,O-
175,4,10,2500,28,1,Anjana,B-
606,2,16,4000,64,0,Ankita,AB+
340,2,8,2000,28,1,Anshu,B-
298,2,12,3000,47,1,Anupam,O-
459,4,6,1500,16,1,Anuradha,AB-
92,4,7,1750,22,1,Anusha,A+
446,2,13,3250,53,1,Anushka,B-
336,2,5,1250,16,0,Arjun,A-
403,2,5,1250,16,1,Arun,O+
286,2,5,1250,16,0,Aruna,A-
665,4,20,5000,69,1,Arvind,B+
134,4,9,2250,28,1,Asha,AB-
646,2,9,2250,36,0,Ashish,O-
391,2,2,500,2,0,Ashok,B-
471,2,2,500,2,0,Ashutosh,AB+
377,2,2,500,2,0,Asmita,O-
712,2,11,2750,46,0,Atul,A+
721,2,11,2750,46,1,Avani,AB+
654,2,6,1500,22,0,Avinash,B+
332,4,5,1250,14,1,Ayush,A-
740,4,19,4750,69,1,Babita,O+
612,4,8,2000,26,1,Bhagat,B-
502,2,7,1750,28,1,Bhagirath,A-
479,3,6,1500,21,0,Bhagyashree,O-
444,2,8,2000,35,1,Bhavana,AB+
132,4,5,1250,16,1,Bhavesh,A-
507,3,16,4000,74,0,Bhupati,O+
718,2,4,1000,14,1,Bhuvan,AB-
214,0,2,500,4,0,Bimal,B-
146,4,7,1750,25,0,Bindu,A+
607,1,9,2250,51,0,Chaitanya,AB+
591,2,4,1000,16,0,Chanda,A-
144,2,4,1000,16,0,Chandan,B-
652,4,17,4250,71,1,Chandra,O+
45,2,2,500,4,0,Charan,AB-
395,2,2,500,4,1,Charu,A-
369,2,2,500,4,1,Chetan,B+
490,2,4,1000,16,1,Chirag,AB+
66,2,2,500,4,0,Darshan,O-
448,2,2,500,4,0,Deepak,A+
380,2,4,1000,16,0,Deepti,A-
328,2,4,1000,16,0,Dev,B+
485,2,4,1000,16,0,Devaki,O-
630,2,6,1500,28,1,Devansh,AB-
5,2,6,1500,28,0,Devendra,B-
546,4,2,500,4,0,Devika,A-
54,4,2,500,4,0,Devraj,AB-
445,2,7,1750,35,1,Dhananjay,A+
510,4,2,500,4,1,Dhanashree,O+
311,4,2,500,4,0,Dhanvi,B+
476,4,2,500,4,0,Dhruv,AB+
474,12,11,2750,23,0,Diksha,B-
527,3,17,4250,86,0,Diya,A-
506,4,9,2250,38,1,Drishti,O+
424,4,8,2000,34,1,Ekta,A+
155,4,9,2250,40,0,Esha,B-
94,2,5,1250,26,0,Ganesh,O+
719,6,17,4250,70,0,Gaurav,AB+
676,0,8,2000,59,0,Geeta,A-
271,2,3,750,14,0,Girish,O-
274,2,10,2500,64,0,Gopal,AB-
535,4,9,2250,46,0,Gopika,A-
653,4,5,1250,23,0,Gulab,B-
493,4,8,2000,40,1,Gunjan,AB+
279,2,12,3000,82,0,Guru,A+
564,11,24,6000,64,0,Hansa,B+
656,2,7,1750,46,1,Hansraj,O-
386,4,11,2750,61,0,Harish,AB-
182,1,7,1750,57,0,Harsha,A-
212,2,11,2750,79,1,Heena,B+
667,2,3,750,16,1,Hema,AB+
308,4,5,1250,26,1,Hetal,O-
421,2,6,1500,41,1,Hina,A+
172,2,5,1250,33,1,Ila,B-
662,2,4,1000,26,0,Indira,O-
284,2,5,1250,34,0,Ipsita,AB+
731,4,8,2000,46,1,Ishan,B+
544,4,8,2000,48,1,Ishani,A-
145,2,2,500,10,1,Ishita,AB-
747,4,5,1250,28,0,Jagdish,O+
168,2,2,500,10,0,Jai,A-
35,2,11,2750,88,0,Jaimini,B-
81,2,3,750,19,0,Jaya,AB-
594,2,5,1250,37,0,Jayant,O-
3,9,5,1250,19,0,Jayesh,A-
687,2,2,500,11,0,Jyoti,B-
29,2,9,2250,74,0,Kailash,A+
151,4,3,750,16,0,Kajal,AB+
213,4,3,750,16,0,Kalyan,O+
135,4,2,500,9,1,Kanchan,B+
472,6,3,750,14,0,Kanta,A-
51,2,2,500,11,0,Kapil,AB-
705,2,2,500,11,1,Karan,O-
651,2,2,500,11,0,Karishma,B-
556,2,7,1750,58,1,Kartik,A-
79,2,1,250,2,1,Kashish,O+
477,2,1,250,2,0,Kavita,AB+
90,2,1,250,2,0,Ketan,A+
341,2,1,250,2,0,Khushi,B-
456,2,1,250,2,0,Kiran,AB-
692,2,1,250,2,0,Kirti,O-
275,2,1,250,2,0,Komal,A-
227,2,1,250,2,0,Kunal,O+
550,2,1,250,2,1,Kusum,AB+
247,2,1,250,2,1,Lakshman,B+
293,2,1,250,2,1,Lakshmi,A+
587,2,1,250,2,0,Lalita,B-
291,2,1,250,2,0,Lata,AB-
392,2,1,250,2,0,Leela,O+
220,2,1,250,2,0,Lokesh,A-
410,2,1,250,2,0,Mala,AB-
88,2,1,250,2,0,Manan,B-
589,2,1,250,2,0,Manish,O-
61,2,1,250,2,0,Manisha,A+
359,11,10,2500,35,0,Manoj,B-
671,11,4,1000,16,1,Mansi,AB+
399,4,6,1500,41,1,Mayank,O+
631,2,3,750,22,0,Meena,A-
432,4,4,1000,26,1,Meera,AB-
565,10,4,1000,16,0,Megha,O+
618,2,4,1000,35,0,Mohan,B-
586,4,12,3000,88,0,Mohini,A+
59,13,8,2000,26,0,Monica,B-
725,4,5,1250,34,0,Mukesh,AB+
367,4,5,1250,35,1,Murali,O-
605,4,7,1750,52,0,Naina,A-
296,4,7,1750,52,0,Nalini,O+
238,2,2,500,14,0,Namita,B-
655,2,5,1250,47,1,Nandini,AB-
314,9,8,2000,38,1,Narayan,A-
609,4,6,1500,47,0,Natasha,B-
113,9,9,2250,45,0,Navin,O-
596,4,6,1500,52,0,Neel,AB+
242,4,7,1750,58,0,Neela,A+
6,6,2,500,11,1,Neelam,B-
533,11,9,2250,38,0,Neeraj,O-
19,2,2,500,16,0,Neha,AB-
434,2,7,1750,76,0,Nikhil,A-
553,11,6,1500,27,0,Nila,B+
517,11,3,750,14,0,Nisha,O+
239,4,1,250,4,0,Nishant,A+
689,4,1,250,4,0,Nita,AB+
562,4,1,250,4,0,Nitin,B-
111,4,1,250,4,1,Nivedita,O-
580,4,1,250,4,0,Padma,A-
379,4,1,250,4,0,Pallavi,B-
684,4,1,250,4,0,Pankaj,AB-
252,4,1,250,4,0,Parul,O-
415,4,1,250,4,1,Pooja,A+
282,4,1,250,4,0,Prachi,B+
746,4,3,750,24,0,Pradeep,A-
217,4,1,250,4,0,Pragati,AB-
150,4,1,250,4,0,Prakash,O+
540,4,1,250,4,0,Pramod,B-
709,10,8,2000,39,0,Pranav,A-
31,14,7,1750,26,0,Prashant,O-
615,8,10,2500,63,0,Pratap,AB+
494,4,2,500,14,0,Pratibha,A-
195,2,4,1000,43,0,Pratik,B+
717,8,9,2250,58,0,Praveen,AB-
62,8,8,2000,52,1,Preeti,O+
649,11,22,5500,98,0,Priya,A+
264,4,3,750,25,1,Priyanka,B-
414,11,17,4250,79,1,Puja,AB-
706,9,2,500,11,0,Puneet,O-
693,4,5,1250,46,0,Purvi,A-
219,7,12,3000,86,0,Puspita,AB-
555,11,2,500,11,0,Rahul,B+
452,11,2,500,11,0,Raj,O-
519,2,6,1500,75,0,Rajan,A+
400,11,8,2000,41,1,Rajani,B-
70,11,3,750,16,1,Rajat,AB-
669,12,13,3250,59,0,Rajendra,O-
115,2,3,750,35,0,Rajesh,A-
256,16,8,2000,28,0,Rajiv,B+
269,11,7,1750,37,0,Raksha,O+
620,4,3,750,28,0,Rakesh,AB-
205,12,12,3000,58,0,Rama,A+
578,4,4,1000,41,0,Ramakant,O-
257,11,14,3500,73,1,Ramesh,B+
498,4,5,1250,58,0,Ramya,AB+
38,4,4,1000,43,1,Ranjan,A-
268,3,2,500,23,0,Rashmi,O+
707,11,8,2000,46,0,Ratan,B+
71,4,7,1750,82,0,Ratna,AB+
702,13,4,1000,21,0,Ravi,A+
480,16,7,1750,28,0,Renu,O-
11,7,2,500,16,0,Reshma,B-
215,4,5,1250,58,0,Reva,AB+
670,4,5,1250,58,0,Richa,A-
120,4,4,1000,46,0,Rishi,O+
465,14,13,3250,57,0,Rita,B-
385,4,3,750,34,0,Rohan,AB-
457,14,18,4500,78,0,Roopa,A+
36,11,8,2000,48,0,Ruchi,O-
76,14,16,4000,70,0,Rupal,B+
647,14,4,1000,22,1,Sagar,AB+
44,14,5,1250,26,0,Sahil,A-
678,8,2,500,16,0,Sajal,B-
43,11,2,500,14,0,Sakshi,AB-
598,4,2,500,23,0,Saloni,O+
616,14,3,750,19,1,Samir,A+
634,16,12,3000,50,0,Sandeep,B-
727,11,4,1000,28,0,Sangita,AB-
102,11,5,1250,35,0,Sanjay,O-
304,2,4,1000,70,0,Sanjeev,A-
133,14,5,1250,28,0,Sanjiv,B+
567,14,2,500,14,0,Santosh,AB+
362,14,2,500,14,0,Sarika,O-
114,14,2,500,14,0,Sarita,A+
575,14,6,1500,34,0,Sashi,B-
394,11,5,1250,37,1,Satish,AB+
549,4,5,1250,74,0,Savita,O-
384,11,3,750,23,0,Seema,A-
17,11,5,1250,38,0,Shailaja,B+
121,12,9,2250,60,0,Shakti,AB-
72,9,1,250,9,0,Shalini,O+
581,9,1,250,9,0,Shambhu,A+
261,4,2,500,29,0,Shanti,B-
216,11,2,500,17,0,Sharad,AB-
153,14,4,1000,26,0,Sharmila,O-
626,11,9,2250,72,1,Sharad,A-
658,11,5,1250,41,0,Sheetal,B+
458,9,5,1250,51,1,Shikha,AB-
324,14,8,2000,50,1,Shilpa,O+
253,16,7,1750,38,0,Shiva,A-
186,14,2,500,16,0,Shobha,B-
171,14,16,4000,98,0,Shreya,AB-
260,14,4,1000,28,1,Shubham,A+
21,16,7,1750,39,0,Shweta,O+
32,14,7,1750,47,0,Siddharth,B+
20,16,6,1500,35,1,Simran,AB+
413,11,3,750,28,0,Sneha,A-
128,11,1,250,11,1,Sonia,O-
142,9,3,750,34,0,Sonu,B-
185,14,4,1000,30,0,Sridhar,AB-
451,23,38,9500,98,0,Srinivas,A+
469,11,1,250,11,0,Subhash,O+
77,11,1,250,11,0,Suchita,B+
159,11,1,250,11,0,Sudha,AB+
152,11,1,250,11,0,Sujata,A-
551,11,1,250,11,0,Suman,O-
584,11,2,500,21,0,Sumit,B-
488,11,5,1250,50,0,Sunaina,AB+
26,11,2,500,21,0,Sunil,A+
349,16,4,1000,28,0,Sunita,O+
723,14,3,750,26,0,Supriya,B-
735,9,2,500,26,0,Suraj,A-
572,14,6,1500,51,0,Surendra,AB-
711,11,2,500,24,0,Suresh,B+
668,4,3,750,71,0,Surya,O-
194,21,13,3250,57,0,Swati,A+
201,11,6,1500,71,0,Tanuja,AB+
390,14,2,500,21,1,Tanvi,B-
325,23,15,3750,57,0,Tara,O-
326,14,4,1000,38,0,Tarun,A-
137,11,2,500,26,0,Tejas,AB-
608,16,5,1250,40,1,Tina,B+
318,4,2,500,51,1,Trilok,O-
714,14,4,1000,40,0,Trisha,A-
73,11,3,750,40,1,Liam,AB-
679,14,5,1250,50,0,Olivia,B+
25,14,1,250,14,0,Noah,O-
18,14,1,250,14,0,Emma,A-
225,14,1,250,14,0,Oliver,B-
122,14,1,250,14,0,Ava,AB-
708,14,1,250,14,0,Elijah,O-
428,14,7,1750,72,0,Charlotte,A-
166,14,1,250,14,0,William,B-
234,9,3,750,52,0,Sophia,AB+
704,14,7,1750,73,0,James,O+
716,11,4,1000,58,0,Amelia,A-
599,11,4,1000,59,0,Benjamin,B+
206,4,2,500,59,0,Isabella,AB-
713,11,4,1000,61,0,Lucas,O+
167,16,4,1000,40,0,Mia,A-
315,16,10,2500,89,0,Henry,B-
601,21,2,500,21,1,Evelyn,AB+
277,21,3,750,26,0,Alexander,O+
724,16,8,2000,76,0,Harper,A+
648,21,3,750,26,1,Michael,B-
37,18,2,500,23,0,Abigail,AB-
193,23,5,1250,33,0,Ethan,O-
743,16,3,750,34,0,Emily,A-
126,14,5,1250,64,0,Daniel,B-
354,14,3,750,41,0,Elizabeth,O-
438,16,1,250,16,0,Matthew,AB+
184,16,1,250,16,0,Avery,A+
236,16,1,250,16,0,Aiden,B-
15,16,1,250,16,0,Sofia,AB-
163,16,1,250,16,0,Jackson,O-
347,16,1,250,16,0,Ella,A+
412,16,4,1000,45,0,Sebastian,B-
87,16,1,250,16,0,Scarlett,O+
614,16,1,250,16,0,David,AB+
364,16,1,250,16,0,Grace,A-
468,21,2,500,23,0,Carter,B-
558,21,2,500,23,0,Chloe,AB-
177,14,4,1000,57,0,Joseph,O-
593,16,5,1250,60,0,Victoria,A-
378,23,2,500,23,0,Gabriel,B+
516,14,5,1250,74,0,Madison,AB+
265,23,3,750,28,0,Samuel,O+
543,16,3,750,40,0,Luna,A+
52,9,2,500,52,0,John,B-
266,9,2,500,52,0,Penelope,AB-
505,16,7,1750,87,1,Anthony,O-
343,14,2,500,35,0,Layla,A-
628,16,7,1750,93,0,Dylan,B-
327,21,2,500,25,0,Riley,AB+
481,14,3,750,52,0,Isaac,O-
522,18,8,2000,95,0,Zoey,A+
435,16,3,750,46,0,Wyatt,B-
381,11,3,750,76,0,Lily,AB+
420,23,12,3000,86,0,Owen,O+
42,21,3,750,35,0,Eleanor,A-
78,23,2,500,26,0,Julian,B-
538,23,2,500,26,0,Hannah,AB+
180,23,3,750,33,0,Grayson,O+
210,23,2,500,28,0,Lillian,A+
27,21,1,250,21,0,Leo,B-
251,21,1,250,21,0,Addison,AB-
208,21,1,250,21,0,Lincoln,O-
660,21,1,250,21,0,Natalie,A-
518,21,1,250,21,0,Jack,B+
602,21,1,250,21,0,Aubrey,AB-
339,21,1,250,21,0,Nathan,O-
431,21,1,250,21,0,Stella,A+
525,21,1,250,21,1,Isaac,B-
116,21,1,250,21,0,Zoey,AB-
302,21,1,250,21,0,Owen,O+
69,21,5,1250,60,0,Eleanor,A-
595,23,4,1000,45,0,Julian,B-
333,21,4,1000,52,0,Hannah,AB+
370,22,1,250,22,1,Grayson,O+
742,11,2,500,70,0,Lillian,A+
645,23,5,1250,58,0,Leo,B+
604,23,3,750,40,0,Addison,AB+
739,23,3,750,41,0,Lincoln,O-
112,14,3,750,83,0,Natalie,A-
292,21,2,500,35,0,Jack,B+
281,26,5,1250,49,1,Aubrey,AB-
514,23,6,1500,70,0,Nathan,O-
117,23,1,250,23,0,Stella,A+
388,23,1,250,23,0,Levi,B-
554,23,1,250,23,0,Aurora,AB-
110,23,1,250,23,0,Jonathan,O-
588,23,1,250,23,0,Hazel,A
576,23,1,250,23,0,Caleb,A+
141,23,1,250,23,0,Violet,A+
475,23,4,1000,53,0,Christian,A-
547,21,6,1500,86,0,Aria,A+
305,21,3,750,64,0,Hunter,B+
560,16,2,500,70,0,Nora,AB-
287,21,3,750,70,0,Isaiah,O-
295,23,4,1000,87,0,Scarlett,B+
597,23,3,750,89,0,Eli,AB+
673,35,3,750,64,0,Ruby,O-
350,74,1,250,74,0,Aaron,A-
39,2,43,10750,86,1,Alice,B-
677,6,22,5500,28,1,Charles,O+
149,2,44,11000,98,0,Emilia,AB-
732,2,11,2750,23,0,Thomas,A-
348,2,21,5250,52,1,Isla,AB-
190,4,4,1000,4,1,Connor,B+
374,2,11,2750,26,0,Claire,O-
104,2,11,2750,28,0,Josiah,A+
407,3,14,3500,35,0,Lucy,AB+
408,4,6,1500,14,0,Adrian,O+
226,3,5,1250,12,1,Evelyn,A-
157,4,33,8250,98,1,Asher,B-
495,3,10,2500,33,1,Anna,A+
280,4,10,2500,28,1,Cameron,AB+
107,2,11,2750,40,1,Sadie,B-
641,2,11,2750,41,1,Dominic,AB+
250,4,13,3250,39,1,Sarah,O+
258,1,10,2500,43,1,Anthony,A+
699,4,9,2250,28,0,Eliana,B-
322,2,5,1250,16,1,Colton,A-
376,2,6,1500,22,1,Alexa,AB-
366,4,5,1250,16,1,Jordan,O+
0,2,4,1000,14,1,Caroline,B-
124,2,4,1000,14,0,Ian,O-
259,2,6,1500,26,0,Hailey,A-
470,4,5,1250,16,1,Xavier,AB-
140,2,7,1750,32,1,Katherine,A+
489,2,6,1500,26,1,Lincoln,A-
170,2,8,2000,38,1,Leah,B+
542,2,2,500,4,1,Joshua,AB-
355,2,6,1500,28,1,Natalie,B-
24,4,2,500,4,1,Adam,O-
106,1,14,3500,95,0,Ashley,AB-
255,2,3,750,11,0,Hudson,A-
737,2,12,3000,70,1,Savannah,A-
329,4,7,1750,32,1,Zachary,B-
398,4,4,1000,16,0,Audrey,O+
521,2,6,1500,35,1,Tyler,AB+
531,2,3,750,14,0,Julia,A+
99,2,4,1000,23,0,Ezra,B+
319,4,4,1000,18,0,Claire,A-
661,5,6,1500,28,0,Chase,O-
86,4,6,1500,30,0,Madeline,A+
313,14,5,1250,14,0,Cooper,AB-
288,3,8,2000,50,0,Gabriella,B-
229,4,9,2250,52,0,Kevin,AB+
200,4,16,4000,98,1,Ariana,O+
53,2,9,2250,75,0,Nicholas,B+
729,4,6,1500,35,0,Isabelle,A-
331,4,9,2250,55,0,Blake,O-
147,4,6,1500,35,1,Sophie,AB-
203,2,6,1500,45,0,Jason,A+
41,2,6,1500,47,0,Elizabeth,AB+
89,4,2,500,9,0,Aiden,O-
165,2,2,500,11,1,Grace,B+
383,4,6,1500,38,1,Miles,B+
351,9,9,2250,38,0,Ellie,A+
108,11,5,1250,18,0,Evan,B-
397,2,3,750,21,0,Hannah,AB-
640,2,1,250,2,0,Nathaniel,O+
720,2,1,250,2,1,Maya,AB+
409,2,1,250,2,0,Theodore,A+
68,2,1,250,2,0,Aurora,O-
211,2,1,250,2,0,Aaron,B-
635,2,1,250,2,0,Stella,AB+
484,2,1,250,2,0,Camden,A-
237,2,1,250,2,0,Jasmine,B-
57,2,1,250,2,0,Isaiah,A-
50,2,3,750,22,0,Alice,O-
600,9,11,2750,49,1,Jordan,AB-
310,3,5,1250,38,0,Elise,O+
583,3,1,250,3,1,Bentley,A-
681,4,6,1500,43,0,Claire,B-
503,2,3,750,24,0,Elias,A-
270,12,11,2750,39,0,Ivy,AB-
375,2,2,500,14,0,Bennett,A-
230,9,3,750,14,0,Eva,AB+
497,14,8,2000,26,0,Colton,B+
188,4,2,500,13,0,Valentina,O-
7,4,11,2750,95,0,Micah,B+
80,4,1,250,4,0,Nova,A-
637,4,1,250,4,0,Mateo,A+
417,4,1,250,4,0,Piper,AB-
97,4,1,250,4,0,Santiago,A-
158,4,1,250,4,0,Caroline,B-
695,4,1,250,4,0,Xander,O+
425,4,1,250,4,0,Emery,A+
75,4,1,250,4,0,Max,B-
136,4,7,1750,62,0,Naomi,A-
603,4,4,1000,34,1,Weston,AB+
123,11,6,1500,28,0,Eliana,B+
422,13,3,750,14,1,Roman,O+
273,9,9,2250,54,0,Elena,A-
404,11,2,500,11,0,Tyler,AB+
218,2,5,1250,63,0,Sadie,B-
561,7,11,2750,89,0,Silas,A+
55,8,9,2250,64,0,Ruby,AB-
486,2,2,500,22,0,Axel,B-
443,11,16,4000,89,0,Willow,O+
730,4,5,1250,58,0,Brandon,AB+
437,14,7,1750,35,0,Cora,B-
526,11,4,1000,27,0,Kyle,O+
371,7,9,2250,89,1,Kaylee,A-
710,7,5,1250,52,0,Dominic,AB+
243,11,6,1500,41,0,Reese,B+
91,10,5,1250,38,0,Leonardo,A-
672,14,2,500,14,1,Alexis,AB-
666,14,2,500,14,0,Nolan,O-
10,14,2,500,14,0,Clara,B-
342,2,2,500,33,0,Colton,A+
682,11,3,750,23,0,Lydia,O-
629,14,8,2000,46,0,Peter,A-
223,9,1,250,9,0,Eliana,B+
557,16,5,1250,27,0,Lincoln,AB+
46,14,4,1000,26,0,Piper,B-
393,4,2,500,30,0,Xavier,A+
504,14,3,750,21,0,Reagan,AB-
209,16,16,4000,77,0,Jaxon,O+
442,4,2,500,31,0,Serenity,A-
312,14,8,2000,50,0,Ezekiel,A-
148,11,3,750,26,0,Eliana,AB+
636,14,7,1750,45,0,Austin,B+
559,15,5,1250,33,0,Danielle,O-
13,16,2,500,16,0,Jason,A+
320,16,3,750,21,0,Isla,B+
411,11,8,2000,72,0,Axel,AB-
625,11,1,250,11,0,Jade,O-
592,11,1,250,11,0,Julian,A+
552,11,1,250,11,1,Adeline,A-
675,2,3,750,75,1,Charles,B+
700,2,3,750,77,0,Arianna,AB+
363,16,4,1000,28,0,Declan,O+
100,16,15,3750,87,0,Ivy,A-
642,16,14,3500,83,0,Greyson,B-
524,16,10,2500,62,0,Autumn,AB+
639,16,3,750,23,0,Zachary,O+
125,14,3,750,26,0,Athena,B-
22,23,19,4750,62,0,Camden,A+
430,11,7,1750,75,0,Delilah,AB-
418,20,14,3500,69,1,Isaac,O-
130,4,2,500,46,0,Phoebe,B-
267,11,2,500,25,0,Josiah,A-
492,11,3,750,37,0,Mackenzie,AB+
179,13,7,1750,76,0,Xavier,A+
566,16,6,1500,50,0,Natalia,B+
611,14,3,750,33,0,Jace,O+
368,14,1,250,14,0,Rylee,A-
697,14,1,250,14,0,Jonah,AB+
439,14,1,250,14,0,Josephine,B-
627,14,1,250,14,0,Muhammad,A+
462,17,7,1750,58,1,Adriana,O+
95,14,3,750,35,0,Graham,B-
621,16,7,1750,64,0,Ximena,A-
396,21,2,500,21,0,Jesse,AB-
109,16,3,750,35,0,Morgan,A-
197,16,1,250,16,0,Remington,B-
416,16,1,250,16,0,Sophie,O-
202,16,1,250,16,0,Theodore,AB-
198,16,1,250,16,0,Lyla,B-
178,16,1,250,16,0,Kaiden,A+
577,11,4,1000,74,0,Faith,O+
118,21,6,1500,48,0,Maximus,A-
532,23,2,500,23,0,Margaret,B+
338,23,6,1500,45,0,Roberto,A-
365,14,2,500,35,1,Ellie,AB+
173,16,4,1000,58,0,Maddox,O+
715,16,5,1250,71,0,Isabelle,B-
2,21,2,500,26,0,Walter,A+
387,21,3,750,35,0,Rose,O-
738,23,8,2000,69,0,Emerson,AB+
610,21,3,750,38,0,Ariel,A-
450,21,3,750,40,0,Felix,B-
232,21,1,250,21,0,Raelynn,A+
440,21,1,250,21,0,Martin,AB-
183,25,6,1500,50,0,Madeleine,O+
60,21,1,250,21,0,Louis,B-
58,21,1,250,21,0,Alexis,A-
49,23,3,750,39,0,Cairo,AB+
674,21,2,500,33,0,Camila,A+
204,14,3,750,79,0,Angelo,B+
361,23,1,250,23,1,Emery,AB-
30,23,1,250,23,0,Maximilian,O-
337,23,1,250,23,0,Leilani,A-
496,23,1,250,23,0,Ricardo,B+
169,23,1,250,23,0,Eloise,AB+
698,23,1,250,23,0,Damien,A+
433,16,3,750,86,0,Catherine,O+
360,21,2,500,52,0,Gregory,B-
541,39,1,250,39,0,Brooke,A-
74,72,1,250,72,0, Sophia,AB-
